timestamp,open,high,low,close,adj_close,volume
2025-01-02T00:00:00Z,21.139999389648438,21.405000686645508,21.030000686645508,21.200000762939453,21.200000762939453,2655200.0
2025-01-03T00:00:00Z,21.239999771118164,21.829999923706055,21.170000076293945,21.760000228881836,21.760000228881836,2485300.0
2025-01-06T00:00:00Z,21.719999313354492,22.299999237060547,21.709999084472656,21.920000076293945,21.920000076293945,4415300.0
2025-01-07T00:00:00Z,21.920000076293945,22.30500030517578,21.75,21.989999771118164,21.989999771118164,3452600.0
2025-01-08T00:00:00Z,21.850000381469727,22.18000030517578,21.600000381469727,22.1299991607666,22.1299991607666,2970100.0
2025-01-10T00:00:00Z,21.799999237060547,22.104999542236328,21.549999237060547,21.65999984741211,21.65999984741211,3177000.0
2025-01-13T00:00:00Z,21.610000610351562,22.514999389648438,21.559999465942383,22.020000457763672,22.020000457763672,8203200.0
2025-01-14T00:00:00Z,21.959999084472656,22.200000762939453,21.674999237060547,21.719999313354492,21.719999313354492,4673300.0
2025-01-15T00:00:00Z,22.030000686645508,22.440000534057617,21.309999465942383,21.760000228881836,21.760000228881836,7224600.0
2025-01-16T00:00:00Z,21.719999313354492,22.6200008392334,21.610000610351562,22.56999969482422,22.56999969482422,4121800.0
2025-01-17T00:00:00Z,22.209999084472656,22.459999084472656,21.700000762939453,22.110000610351562,22.110000610351562,6042700.0
2025-01-21T00:00:00Z,22.229999542236328,22.53499984741211,21.719999313354492,21.770000457763672,21.770000457763672,8766600.0
2025-01-22T00:00:00Z,21.75,22.325000762939453,21.65999984741211,22.100000381469727,22.100000381469727,7838700.0
2025-01-23T00:00:00Z,22.06999969482422,22.15999984741211,21.635000228881836,21.8700008392334,21.8700008392334,5208700.0
2025-01-24T00:00:00Z,21.959999084472656,22.1299991607666,21.760000228881836,22.059999465942383,22.059999465942383,3198300.0
2025-01-27T00:00:00Z,22.1299991607666,22.510000228881836,22.1299991607666,22.479999542236328,22.479999542236328,3381500.0
2025-01-28T00:00:00Z,23.100000381469727,23.31999969482422,22.399999618530273,22.43000030517578,22.43000030517578,4171900.0
2025-01-29T00:00:00Z,22.110000610351562,22.270000457763672,21.399999618530273,21.489999771118164,21.489999771118164,5306700.0
2025-01-30T00:00:00Z,21.8700008392334,22.729999542236328,21.770000457763672,22.219999313354492,22.219999313354492,3606400.0
2025-01-31T00:00:00Z,22.09000015258789,22.43000030517578,22.06999969482422,22.280000686645508,22.280000686645508,4143200.0
2025-02-03T00:00:00Z,21.940000534057617,22.229999542236328,21.729999542236328,21.8700008392334,21.8700008392334,6875500.0
2025-02-04T00:00:00Z,21.56999969482422,22.15999984741211,21.549999237060547,22.010000228881836,22.010000228881836,4083500.0
2025-02-05T00:00:00Z,22.31999969482422,22.399999618530273,21.940000534057617,21.989999771118164,21.989999771118164,4093600.0
2025-02-06T00:00:00Z,22.020000457763672,22.020000457763672,21.309999465942383,21.700000762939453,21.700000762939453,6132400.0
2025-02-07T00:00:00Z,22.0,22.440000534057617,19.084999084472656,19.15999984741211,19.15999984741211,14258600.0
2025-02-10T00:00:00Z,19.5,19.524999618530273,18.489999771118164,19.010000228881836,19.010000228881836,10213400.0
2025-02-11T00:00:00Z,18.649999618530273,18.81999969482422,18.190000534057617,18.389999389648438,18.389999389648438,6740300.0
2025-02-12T00:00:00Z,18.09000015258789,18.270000457763672,17.9950008392334,18.049999237060547,18.049999237060547,4400200.0
2025-02-13T00:00:00Z,18.1200008392334,18.17799949645996,17.899999618530273,18.100000381469727,18.100000381469727,6265800.0
2025-02-14T00:00:00Z,18.18000030517578,18.360000610351562,17.829999923706055,17.8700008392334,17.8700008392334,3914200.0
2025-02-18T00:00:00Z,17.889999389648438,17.920000076293945,17.190000534057617,17.350000381469727,17.350000381469727,10908400.0
2025-02-19T00:00:00Z,17.299999237060547,17.739999771118164,17.139999389648438,17.68000030517578,17.68000030517578,7219200.0
2025-02-20T00:00:00Z,17.68000030517578,17.90999984741211,17.469999313354492,17.489999771118164,17.489999771118164,4307100.0
2025-02-21T00:00:00Z,17.399999618530273,17.639999389648438,17.219999313354492,17.299999237060547,17.299999237060547,6547900.0
2025-02-24T00:00:00Z,17.288999557495117,17.760000228881836,17.219999313354492,17.469999313354492,17.469999313354492,6104500.0
2025-02-25T00:00:00Z,17.459999084472656,17.625,17.165000915527344,17.559999465942383,17.559999465942383,8577400.0
2025-02-26T00:00:00Z,17.530000686645508,17.655000686645508,17.149999618530273,17.219999313354492,17.219999313354492,4961200.0
2025-02-27T00:00:00Z,17.030000686645508,17.15999984741211,16.459999084472656,16.489999771118164,16.489999771118164,6914100.0
2025-02-28T00:00:00Z,16.56999969482422,16.729999542236328,16.40999984741211,16.700000762939453,16.700000762939453,6975700.0
2025-03-03T00:00:00Z,16.799999237060547,16.809999465942383,15.770000457763672,15.869999885559082,15.869999885559082,8329000.0
2025-03-04T00:00:00Z,15.699999809265137,15.744999885559082,15.369999885559082,15.5,15.5,9082300.0
2025-03-05T00:00:00Z,15.489999771118164,15.795000076293945,15.4399995803833,15.75,15.75,7605800.0
2025-03-06T00:00:00Z,15.609999656677246,16.270000457763672,15.520000457763672,16.170000076293945,16.170000076293945,7923500.0
2025-03-07T00:00:00Z,16.1200008392334,17.739999771118164,16.020000457763672,17.5,17.5,21403000.0
2025-03-10T00:00:00Z,17.389999389648438,18.020000457763672,17.1200008392334,17.280000686645508,17.280000686645508,13714900.0
2025-03-11T00:00:00Z,17.290000915527344,17.290000915527344,16.520000457763672,16.93000030517578,16.93000030517578,9468400.0
2025-03-12T00:00:00Z,16.93000030517578,17.079999923706055,15.6899995803833,15.789999961853027,15.789999961853027,10886100.0
2025-03-13T00:00:00Z,15.84000015258789,16.364999771118164,15.680000305175781,15.819999694824219,15.819999694824219,7961500.0
2025-03-14T00:00:00Z,15.949999809265137,16.350000381469727,15.880000114440918,16.299999237060547,16.299999237060547,5096700.0
2025-03-17T00:00:00Z,16.299999237060547,16.639999389648438,16.2549991607666,16.510000228881836,16.510000228881836,5267600.0
2025-03-18T00:00:00Z,16.5,17.100000381469727,16.360000610351562,17.010000228881836,17.010000228881836,8332000.0
2025-03-19T00:00:00Z,16.979999542236328,17.110000610351562,16.549999237060547,16.670000076293945,16.670000076293945,5614700.0
2025-03-20T00:00:00Z,16.6299991607666,16.709999084472656,16.270000457763672,16.280000686645508,16.280000686645508,8224900.0
2025-03-21T00:00:00Z,16.149999618530273,16.6299991607666,16.09000015258789,16.540000915527344,16.540000915527344,11571800.0
2025-03-24T00:00:00Z,16.59000015258789,16.78499984741211,16.280000686645508,16.489999771118164,16.489999771118164,5819900.0
2025-03-25T00:00:00Z,16.530000686645508,16.540000915527344,16.165000915527344,16.350000381469727,16.350000381469727,7242000.0
2025-03-26T00:00:00Z,16.290000915527344,16.440000534057617,16.110000610351562,16.280000686645508,16.280000686645508,3864200.0
2025-03-27T00:00:00Z,16.100000381469727,16.344999313354492,15.920000076293945,16.170000076293945,16.170000076293945,3794000.0
2025-03-28T00:00:00Z,16.149999618530273,16.225000381469727,16.0,16.18000030517578,16.18000030517578,4997600.0
2025-03-31T00:00:00Z,16.0,16.350000381469727,15.805000305175781,16.209999084472656,16.209999084472656,5679100.0
2025-04-01T00:00:00Z,16.18000030517578,16.290000915527344,15.6850004196167,15.800000190734863,15.800000190734863,7473100.0
2025-04-02T00:00:00Z,15.609999656677246,16.290000915527344,15.5600004196167,16.290000915527344,16.290000915527344,8016600.0
2025-04-03T00:00:00Z,16.030000686645508,16.030000686645508,15.430000305175781,15.670000076293945,15.670000076293945,17685200.0
2025-04-04T00:00:00Z,15.470000267028809,15.569999694824219,14.930000305175781,15.130000114440918,15.130000114440918,24521600.0
2025-04-07T00:00:00Z,14.779999732971191,15.960000038146973,14.670000076293945,15.229999542236328,15.229999542236328,12004200.0
2025-04-08T00:00:00Z,15.529999732971191,15.670000076293945,14.145000457763672,14.279999732971191,14.279999732971191,13043800.0
2025-04-09T00:00:00Z,14.050000190734863,15.989999771118164,13.803000450134277,15.890000343322754,15.890000343322754,15171300.0
2025-04-10T00:00:00Z,15.420000076293945,15.454999923706055,14.550000190734863,14.699999809265137,14.699999809265137,13525700.0
2025-04-11T00:00:00Z,14.899999618530273,15.229999542236328,14.5,15.220000267028809,15.220000267028809,18932600.0
2025-04-14T00:00:00Z,15.619999885559082,15.680000305175781,15.180000305175781,15.5600004196167,15.5600004196167,6689600.0
2025-04-15T00:00:00Z,15.4399995803833,15.579999923706055,15.114999771118164,15.399999618530273,15.399999618530273,9394300.0
2025-04-16T00:00:00Z,15.4399995803833,15.720000267028809,15.069999694824219,15.25,15.25,8282700.0
2025-04-17T00:00:00Z,15.170000076293945,15.239999771118164,14.899999618530273,15.100000381469727,15.100000381469727,9421000.0
2025-04-21T00:00:00Z,14.9399995803833,15.114999771118164,14.739999771118164,14.960000038146973,14.960000038146973,7559000.0
2025-04-22T00:00:00Z,15.229999542236328,15.425000190734863,15.119999885559082,15.279999732971191,15.279999732971191,8477900.0
2025-04-23T00:00:00Z,15.739999771118164,16.170000076293945,15.425000190734863,15.470000267028809,15.470000267028809,7100900.0
2025-04-24T00:00:00Z,15.520000457763672,15.630000114440918,14.979999542236328,15.5,15.5,13782100.0
2025-04-25T00:00:00Z,13.5600004196167,13.5600004196167,12.194999694824219,12.930000305175781,12.930000305175781,43602500.0
2025-04-28T00:00:00Z,12.920000076293945,13.25,12.21500015258789,12.489999771118164,12.489999771118164,26082000.0
2025-04-29T00:00:00Z,12.40999984741211,12.829999923706055,12.25,12.6899995803833,12.6899995803833,24407900.0
2025-04-30T00:00:00Z,12.729999542236328,13.029999732971191,12.600000381469727,12.989999771118164,12.989999771118164,15662000.0
2025-05-01T00:00:00Z,12.8100004196167,13.125,12.600000381469727,12.960000038146973,12.960000038146973,13765800.0
2025-05-02T00:00:00Z,13.199999809265137,13.359999656677246,12.725000381469727,12.869999885559082,12.869999885559082,8789300.0
2025-05-05T00:00:00Z,12.819999694824219,12.880000114440918,12.569999694824219,12.630000114440918,12.630000114440918,9372100.0
2025-05-06T00:00:00Z,12.550000190734863,12.600000381469727,11.96500015258789,11.979999542236328,11.979999542236328,10771100.0
2025-05-07T00:00:00Z,12.100000381469727,12.154999732971191,11.819999694824219,11.9399995803833,11.9399995803833,21784400.0
2025-05-08T00:00:00Z,11.949999809265137,12.359999656677246,11.869999885559082,12.279999732971191,12.279999732971191,19206600.0
2025-05-09T00:00:00Z,12.300000190734863,12.390000343322754,12.020000457763672,12.020000457763672,12.020000457763672,10443600.0
2025-05-12T00:00:00Z,12.5,13.005000114440918,12.420000076293945,13.0,13.0,13344000.0
2025-05-13T00:00:00Z,12.800000190734863,13.489999771118164,12.739999771118164,13.300000190734863,13.300000190734863,19898500.0
2025-05-14T00:00:00Z,13.34000015258789,13.420000076293945,12.819999694824219,12.850000381469727,12.850000381469727,11787500.0
2025-05-15T00:00:00Z,12.729999542236328,12.979999542236328,12.5,12.84000015258789,12.84000015258789,9518900.0
2025-05-16T00:00:00Z,12.859999656677246,13.420000076293945,12.59000015258789,13.40999984741211,13.40999984741211,22017600.0
2025-05-19T00:00:00Z,13.140000343322754,13.40999984741211,13.140000343322754,13.359999656677246,13.359999656677246,10614600.0
2025-05-20T00:00:00Z,13.300000190734863,13.640000343322754,13.300000190734863,13.470000267028809,13.470000267028809,11197300.0
2025-05-21T00:00:00Z,13.300000190734863,13.359999656677246,12.545000076293945,12.550000190734863,12.550000190734863,8464800.0
2025-05-22T00:00:00Z,12.550000190734863,12.9399995803833,12.489999771118164,12.859999656677246,12.859999656677246,11454000.0
2025-05-23T00:00:00Z,12.630000114440918,12.829999923706055,12.470000267028809,12.6899995803833,12.6899995803833,6740400.0
2025-05-27T00:00:00Z,12.869999885559082,13.260000228881836,12.869999885559082,13.149999618530273,13.149999618530273,13271500.0
2025-05-28T00:00:00Z,13.100000381469727,13.21500015258789,12.96500015258789,13.029999732971191,13.029999732971191,5748200.0
2025-05-29T00:00:00Z,13.15999984741211,13.260000228881836,12.994999885559082,13.039999961853027,13.039999961853027,7599600.0
2025-05-30T00:00:00Z,12.930000305175781,13.145000457763672,12.579999923706055,12.90999984741211,12.90999984741211,11443300.0
2025-06-02T00:00:00Z,12.729999542236328,12.970000267028809,12.600000381469727,12.960000038146973,12.960000038146973,11182100.0
2025-06-03T00:00:00Z,13.0600004196167,13.270000457763672,12.670000076293945,13.149999618530273,13.149999618530273,22966900.0
2025-06-04T00:00:00Z,13.229999542236328,13.664999961853027,13.170000076293945,13.3100004196167,13.3100004196167,12791600.0
2025-06-05T00:00:00Z,13.329999923706055,13.329999923706055,12.9399995803833,12.949999809265137,12.949999809265137,9303900.0
2025-06-06T00:00:00Z,13.15999984741211,13.390000343322754,12.970000267028809,13.069999694824219,13.069999694824219,14880600.0
2025-06-09T00:00:00Z,13.3100004196167,13.625,13.130000114440918,13.449999809265137,13.449999809265137,9244600.0
2025-06-10T00:00:00Z,13.59000015258789,13.920000076293945,13.489999771118164,13.6899995803833,13.6899995803833,12294500.0
2025-06-11T00:00:00Z,13.6899995803833,13.899999618530273,13.470000267028809,13.520000457763672,13.520000457763672,8571600.0
2025-06-12T00:00:00Z,13.430000305175781,13.744999885559082,13.399999618530273,13.539999961853027,13.539999961853027,6095500.0
2025-06-13T00:00:00Z,13.239999771118164,13.520000457763672,12.970000267028809,13.069999694824219,13.069999694824219,7428800.0
2025-06-16T00:00:00Z,13.300000190734863,13.449999809265137,13.005000114440918,13.430000305175781,13.430000305175781,9677600.0
2025-06-17T00:00:00Z,13.279999732971191,13.5,13.119999885559082,13.149999618530273,13.149999618530273,14524000.0
2025-06-18T00:00:00Z,13.149999618530273,13.354999542236328,12.989999771118164,13.289999961853027,13.289999961853027,13540000.0
2025-06-20T00:00:00Z,13.369999885559082,13.670000076293945,13.289999961853027,13.569999694824219,13.569999694824219,26592200.0
2025-06-23T00:00:00Z,13.399999618530273,13.619999885559082,13.1899995803833,13.430000305175781,13.430000305175781,9862800.0
2025-06-24T00:00:00Z,13.550000190734863,13.649999618530273,13.34000015258789,13.460000038146973,13.460000038146973,10317100.0
2025-06-25T00:00:00Z,13.460000038146973,13.734999656677246,13.050000190734863,13.579999923706055,13.579999923706055,11821800.0
2025-06-26T00:00:00Z,13.760000228881836,14.0600004196167,13.5649995803833,13.739999771118164,13.739999771118164,10319600.0
2025-06-27T00:00:00Z,13.779999732971191,13.899999618530273,13.491999626159668,13.529999732971191,13.529999732971191,12831300.0
2025-06-30T00:00:00Z,13.609999656677246,13.699999809265137,13.345000267028809,13.460000038146973,13.460000038146973,5756600.0
2025-07-01T00:00:00Z,13.380000114440918,14.420000076293945,13.199999809265137,13.920000076293945,13.920000076293945,17435800.0
2025-07-02T00:00:00Z,13.9399995803833,14.010000228881836,13.760000228881836,13.890000343322754,13.890000343322754,10445000.0
2025-07-03T00:00:00Z,13.970000267028809,14.0,13.753000259399414,13.880000114440918,13.880000114440918,6225600.0
2025-07-07T00:00:00Z,13.670000076293945,13.760000228881836,13.399999618530273,13.510000228881836,13.510000228881836,13856000.0
2025-07-08T00:00:00Z,13.5600004196167,14.130000114440918,13.5600004196167,13.75,13.75,11242800.0
2025-07-09T00:00:00Z,13.670000076293945,13.869999885559082,13.484999656677246,13.569999694824219,13.569999694824219,8892300.0
2025-07-10T00:00:00Z,13.619999885559082,14.229999542236328,13.529999732971191,13.699999809265137,13.699999809265137,9532500.0
2025-07-11T00:00:00Z,13.510000228881836,13.760000228881836,13.449999809265137,13.579999923706055,13.579999923706055,9934200.0
2025-07-14T00:00:00Z,13.399999618530273,13.479999542236328,13.15999984741211,13.220000267028809,13.220000267028809,13022000.0
2025-07-15T00:00:00Z,13.380000114440918,13.470000267028809,12.800000190734863,12.819999694824219,12.819999694824219,9002800.0
2025-07-16T00:00:00Z,12.930000305175781,12.975000381469727,12.734999656677246,12.859999656677246,12.859999656677246,8028300.0
2025-07-17T00:00:00Z,12.890000343322754,13.324999809265137,12.8100004196167,13.289999961853027,13.289999961853027,9391800.0
2025-07-18T00:00:00Z,13.529999732971191,13.59000015258789,13.164999961853027,13.289999961853027,13.289999961853027,8323700.0
2025-07-21T00:00:00Z,13.300000190734863,13.300000190734863,12.1899995803833,12.34000015258789,12.34000015258789,15706800.0
2025-07-22T00:00:00Z,12.399999618530273,13.109999656677246,12.395000457763672,13.020000457763672,13.020000457763672,13361100.0
2025-07-23T00:00:00Z,13.529999732971191,13.75,13.329999923706055,13.600000381469727,13.600000381469727,16674100.0
2025-07-24T00:00:00Z,13.579999923706055,14.1899995803833,13.529999732971191,14.010000228881836,14.010000228881836,16049600.0
2025-07-25T00:00:00Z,14.0600004196167,14.28499984741211,13.829999923706055,14.210000038146973,14.210000038146973,11934900.0
2025-07-28T00:00:00Z,14.300000190734863,14.300000190734863,13.944999694824219,13.989999771118164,13.989999771118164,12246600.0
2025-07-29T00:00:00Z,14.0,14.15999984741211,13.835000038146973,14.010000228881836,14.010000228881836,9904600.0
2025-07-30T00:00:00Z,14.0600004196167,14.140000343322754,13.654999732971191,13.800000190734863,13.800000190734863,12681800.0
2025-07-31T00:00:00Z,13.569999694824219,13.795000076293945,13.4399995803833,13.4399995803833,13.4399995803833,17388600.0
2025-08-01T00:00:00Z,11.9399995803833,12.239999771118164,10.824999809265137,11.359999656677246,11.359999656677246,59922100.0
2025-08-04T00:00:00Z,11.40999984741211,11.529999732971191,11.119999885559082,11.300000190734863,11.300000190734863,24849100.0
2025-08-05T00:00:00Z,11.390000343322754,11.90999984741211,11.25,11.640000343322754,11.640000343322754,18404600.0
2025-08-06T00:00:00Z,11.5,11.637999534606934,11.154999732971191,11.180000305175781,11.180000305175781,11028600.0
2025-08-07T00:00:00Z,11.350000381469727,11.420000076293945,11.024999618530273,11.380000114440918,11.380000114440918,14203500.0
2025-08-08T00:00:00Z,11.279999732971191,11.510000228881836,11.114999771118164,11.5,11.5,11660000.0
2025-08-11T00:00:00Z,12.510000228881836,12.600000381469727,11.9399995803833,12.100000381469727,12.100000381469727,16323100.0
2025-08-12T00:00:00Z,12.170000076293945,12.744999885559082,12.104999542236328,12.65999984741211,12.65999984741211,11001200.0
2025-08-13T00:00:00Z,12.630000114440918,13.149999618530273,12.59000015258789,13.069999694824219,13.069999694824219,11423000.0
2025-08-14T00:00:00Z,12.899999618530273,13.0600004196167,12.789999961853027,12.979999542236328,12.979999542236328,6214800.0
2025-08-15T00:00:00Z,13.079999923706055,13.1899995803833,12.729999542236328,12.930000305175781,12.930000305175781,8953000.0
2025-08-18T00:00:00Z,12.920000076293945,13.069999694824219,12.760000228881836,12.760000228881836,12.760000228881836,10594400.0
2025-08-19T00:00:00Z,12.880000114440918,13.09000015258789,12.779999732971191,12.979999542236328,12.979999542236328,6302100.0
2025-08-20T00:00:00Z,12.9399995803833,12.994999885559082,12.770000457763672,12.880000114440918,12.880000114440918,8554000.0
2025-08-21T00:00:00Z,12.729999542236328,12.789999961853027,12.479999542236328,12.5600004196167,12.5600004196167,5891400.0
2025-08-22T00:00:00Z,12.720000267028809,13.300000190734863,12.630000114440918,13.270000457763672,13.270000457763672,7762000.0
2025-08-25T00:00:00Z,13.960000038146973,13.989999771118164,13.069999694824219,13.210000038146973,13.210000038146973,10798300.0
2025-08-26T00:00:00Z,13.140000343322754,13.319999694824219,12.970000267028809,13.300000190734863,13.300000190734863,56686000.0
2025-08-27T00:00:00Z,13.229999542236328,13.390000343322754,13.050000190734863,13.1899995803833,13.1899995803833,11408100.0
2025-08-28T00:00:00Z,13.149999618530273,13.255000114440918,12.885000228881836,13.210000038146973,13.210000038146973,10229500.0
2025-08-29T00:00:00Z,13.199999809265137,13.579999923706055,13.149999618530273,13.470000267028809,13.470000267028809,8423800.0
2025-09-02T00:00:00Z,13.300000190734863,13.399999618530273,13.015000343322754,13.289999961853027,13.289999961853027,9775200.0
2025-09-03T00:00:00Z,13.140000343322754,13.3100004196167,12.8100004196167,12.819999694824219,12.819999694824219,8678700.0
2025-09-04T00:00:00Z,12.819999694824219,13.210000038146973,12.569999694824219,13.1899995803833,13.1899995803833,8699300.0
2025-09-05T00:00:00Z,13.229999542236328,13.59000015258789,13.229999542236328,13.3100004196167,13.3100004196167,7671900.0
2025-09-08T00:00:00Z,13.170000076293945,13.199999809265137,12.880000114440918,13.130000114440918,13.130000114440918,6183900.0
2025-09-09T00:00:00Z,13.119999885559082,13.119999885559082,12.829999923706055,12.829999923706055,12.829999923706055,5926600.0
2025-09-10T00:00:00Z,12.720000267028809,12.979999542236328,12.609999656677246,12.609999656677246,12.609999656677246,9854900.0
2025-09-11T00:00:00Z,12.6899995803833,13.039999961853027,12.670000076293945,13.010000228881836,13.010000228881836,16021000.0
2025-09-12T00:00:00Z,13.0,13.010000228881836,12.300000190734863,12.3100004196167,12.3100004196167,6201500.0
2025-09-15T00:00:00Z,12.329999923706055,12.444999694824219,12.220000267028809,12.390000343322754,12.390000343322754,8003400.0
2025-09-16T00:00:00Z,12.40999984741211,12.774999618530273,12.3100004196167,12.710000038146973,12.710000038146973,8410400.0
2025-09-17T00:00:00Z,12.739999771118164,12.899999618530273,12.319999694824219,12.399999618530273,12.399999618530273,8572700.0
2025-09-18T00:00:00Z,12.579999923706055,12.989999771118164,12.539999961853027,12.859999656677246,12.859999656677246,5541800.0
2025-09-19T00:00:00Z,12.859999656677246,12.9399995803833,12.354999542236328,12.5,12.5,15922000.0
2025-09-22T00:00:00Z,12.369999885559082,12.524999618530273,12.25,12.449999809265137,12.449999809265137,7813200.0
2025-09-23T00:00:00Z,12.529999732971191,12.569999694824219,12.229999542236328,12.239999771118164,12.239999771118164,7289900.0
2025-09-24T00:00:00Z,12.180000305175781,12.289999961853027,11.984999656677246,12.010000228881836,12.010000228881836,7461400.0
2025-09-25T00:00:00Z,11.930000305175781,11.989999771118164,11.71500015258789,11.779999732971191,11.779999732971191,7874300.0
2025-09-26T00:00:00Z,11.760000228881836,11.960000038146973,11.760000228881836,11.84000015258789,11.84000015258789,6977300.0
2025-09-29T00:00:00Z,11.880000114440918,11.914999961853027,11.649999618530273,11.84000015258789,11.84000015258789,8989800.0
2025-09-30T00:00:00Z,11.800000190734863,12.515000343322754,11.65999984741211,12.479999542236328,12.479999542236328,12538000.0
2025-10-01T00:00:00Z,12.510000228881836,13.755000114440918,12.4399995803833,13.670000076293945,13.670000076293945,17413600.0
2025-10-02T00:00:00Z,13.710000038146973,13.895000457763672,13.550000190734863,13.770000457763672,13.770000457763672,12765500.0
2025-10-03T00:00:00Z,14.0,14.515000343322754,13.805000305175781,14.289999961853027,14.289999961853027,12206000.0
2025-10-06T00:00:00Z,14.25,14.319999694824219,13.984999656677246,14.09000015258789,14.09000015258789,7193900.0
2025-10-07T00:00:00Z,14.15999984741211,14.1899995803833,13.430000305175781,13.470000267028809,13.470000267028809,11190900.0
2025-10-08T00:00:00Z,13.569999694824219,13.904999732971191,13.4399995803833,13.75,13.75,7990000.0
2025-10-09T00:00:00Z,13.630000114440918,13.800000190734863,13.479999542236328,13.539999961853027,13.539999961853027,6642600.0
2025-10-10T00:00:00Z,13.649999618530273,13.649999618530273,13.119999885559082,13.399999618530273,13.399999618530273,8683600.0
2025-10-13T00:00:00Z,13.520000457763672,13.960000038146973,13.430000305175781,13.779999732971191,13.779999732971191,10771000.0
2025-10-14T00:00:00Z,13.600000381469727,14.119999885559082,13.470000267028809,13.90999984741211,13.90999984741211,9079900.0
2025-10-15T00:00:00Z,13.770000457763672,14.039999961853027,13.710000038146973,13.869999885559082,13.869999885559082,9387900.0
2025-10-16T00:00:00Z,14.100000381469727,14.765000343322754,13.980999946594238,14.569999694824219,14.569999694824219,18520400.0
2025-10-17T00:00:00Z,14.5,14.829999923706055,14.449999809265137,14.779999732971191,14.779999732971191,13169900.0
2025-10-20T00:00:00Z,14.979999542236328,15.25,14.829999923706055,15.180000305175781,15.180000305175781,10501000.0
2025-10-21T00:00:00Z,15.649999618530273,15.930000305175781,15.369999885559082,15.600000381469727,15.600000381469727,11737600.0
2025-10-22T00:00:00Z,15.5,15.890000343322754,15.130000114440918,15.15999984741211,15.15999984741211,8577500.0
2025-10-23T00:00:00Z,15.229999542236328,15.600000381469727,15.229999542236328,15.460000038146973,15.460000038146973,9199900.0
2025-10-24T00:00:00Z,15.609999656677246,15.760000228881836,15.390000343322754,15.399999618530273,15.399999618530273,8903600.0
2025-10-27T00:00:00Z,15.399999618530273,15.460000038146973,14.875,15.109999656677246,15.109999656677246,15238700.0
2025-10-28T00:00:00Z,15.109999656677246,15.1899995803833,14.845000267028809,15.079999923706055,15.079999923706055,18544000.0
2025-10-29T00:00:00Z,12.420000076293945,13.4350004196167,11.539999961853027,11.579999923706055,11.579999923706055,35724300.0
2025-10-30T00:00:00Z,11.329999923706055,11.579999923706055,10.869999885559082,11.050000190734863,11.050000190734863,25623300.0
2025-10-31T00:00:00Z,10.979999542236328,11.904999732971191,10.824999809265137,11.819999694824219,11.819999694824219,18937100.0
2025-11-03T00:00:00Z,11.760000228881836,11.765000343322754,11.430000305175781,11.680000305175781,11.680000305175781,12399900.0
2025-11-04T00:00:00Z,11.390000343322754,11.765000343322754,11.38599967956543,11.579999923706055,11.579999923706055,10000300.0
2025-11-05T00:00:00Z,11.4399995803833,11.704999923706055,11.3149995803833,11.579999923706055,11.579999923706055,8645200.0
2025-11-06T00:00:00Z,11.4399995803833,11.819999694824219,11.069999694824219,11.319999694824219,11.319999694824219,11619800.0
2025-11-07T00:00:00Z,11.199999809265137,11.5600004196167,11.119999885559082,11.550000190734863,11.550000190734863,7610400.0
2025-11-10T00:00:00Z,11.600000381469727,11.65999984741211,11.324999809265137,11.5,11.5,6723500.0
2025-11-11T00:00:00Z,11.510000228881836,11.739999771118164,11.40999984741211,11.5,11.5,6469500.0
2025-11-12T00:00:00Z,11.470000267028809,11.729999542236328,11.319999694824219,11.550000190734863,11.550000190734863,6338200.0
2025-11-13T00:00:00Z,11.420000076293945,11.760000228881836,11.420000076293945,11.699999809265137,11.699999809265137,7909600.0
2025-11-14T00:00:00Z,11.569999694824219,11.739999771118164,11.180000305175781,11.380000114440918,11.380000114440918,8241500.0
2025-11-17T00:00:00Z,11.369999885559082,11.369999885559082,10.850000381469727,10.880000114440918,10.880000114440918,11379000.0
2025-11-18T00:00:00Z,11.079999923706055,11.350000381469727,10.920000076293945,11.140000343322754,11.140000343322754,10327100.0
2025-11-19T00:00:00Z,11.09000015258789,11.119999885559082,10.859999656677246,11.010000228881836,11.010000228881836,10686400.0
2025-11-20T00:00:00Z,10.960000038146973,11.140000343322754,10.873000144958496,10.989999771118164,10.989999771118164,7138500.0
2025-11-21T00:00:00Z,11.079999923706055,11.5649995803833,10.970000267028809,11.520000457763672,11.520000457763672,6432000.0
2025-11-24T00:00:00Z,11.4399995803833,11.569999694824219,11.329999923706055,11.510000228881836,11.510000228881836,7716500.0
2025-11-25T00:00:00Z,11.539999961853027,11.885000228881836,11.510000228881836,11.850000381469727,11.850000381469727,8435700.0
2025-11-26T00:00:00Z,11.760000228881836,11.850000381469727,11.59000015258789,11.739999771118164,11.739999771118164,6606900.0
2025-11-28T00:00:00Z,11.75,11.890000343322754,11.699999809265137,11.729999542236328,11.729999542236328,4511000.0
2025-12-01T00:00:00Z,11.670000076293945,11.864999771118164,11.600000381469727,11.75,11.75,7611200.0
2025-12-02T00:00:00Z,11.630000114440918,11.8100004196167,11.579999923706055,11.640000343322754,11.640000343322754,5666600.0
2025-12-03T00:00:00Z,11.739999771118164,11.78499984741211,11.279999732971191,11.289999961853027,11.289999961853027,11205600.0
2025-12-04T00:00:00Z,11.300000190734863,11.329999923706055,10.96500015258789,11.149999618530273,11.149999618530273,8739000.0
2025-12-05T00:00:00Z,11.149999618530273,11.210000038146973,10.899999618530273,10.930000305175781,10.930000305175781,10045600.0
2025-12-08T00:00:00Z,10.880000114440918,10.944999694824219,10.619999885559082,10.710000038146973,10.710000038146973,10807600.0
