timestamp,open,high,low,close,adj_close,volume,open_adj,high_adj,low_adj,close_adj
2025-11-18T16:16:00Z,15.300000190734863,15.300000190734863,15.300000190734863,15.300000190734863,15.300000190734863,150.0,15.300000190734863,15.300000190734863,15.300000190734863,15.300000190734863
2025-11-18T16:32:00Z,15.300000190734863,15.300000190734863,15.149999618530273,15.149999618530273,15.149999618530273,4495.0,15.300000190734863,15.300000190734863,15.149999618530273,15.149999618530273
2025-11-18T16:49:00Z,15.25,15.25,15.25,15.25,15.25,203.0,15.25,15.25,15.25,15.25
2025-11-18T16:56:00Z,15.2677001953125,15.2677001953125,15.2677001953125,15.2677001953125,15.2677001953125,319.0,15.2677001953125,15.2677001953125,15.2677001953125,15.2677001953125
2025-11-18T16:57:00Z,15.25,15.25,15.25,15.25,15.25,1245.0,15.25,15.25,15.25,15.25
2025-11-18T17:03:00Z,15.1899995803833,15.1899995803833,15.1899995803833,15.1899995803833,15.1899995803833,504.0,15.1899995803833,15.1899995803833,15.1899995803833,15.1899995803833
2025-11-18T17:30:00Z,15.15999984741211,15.15999984741211,15.15999984741211,15.15999984741211,15.15999984741211,200.0,15.15999984741211,15.15999984741211,15.15999984741211,15.15999984741211
2025-11-18T18:51:00Z,15.28499984741211,15.28499984741211,15.28499984741211,15.28499984741211,15.28499984741211,100.0,15.28499984741211,15.28499984741211,15.28499984741211,15.28499984741211
2025-11-18T18:54:00Z,15.30270004272461,15.30270004272461,15.30270004272461,15.30270004272461,15.30270004272461,230.0,15.30270004272461,15.30270004272461,15.30270004272461,15.30270004272461
2025-11-18T19:04:00Z,15.329999923706055,15.329999923706055,15.329999923706055,15.329999923706055,15.329999923706055,1952.0,15.329999923706055,15.329999923706055,15.329999923706055,15.329999923706055
2025-11-18T19:07:00Z,15.28499984741211,15.28499984741211,15.28499984741211,15.28499984741211,15.28499984741211,533.0,15.28499984741211,15.28499984741211,15.28499984741211,15.28499984741211
2025-11-18T19:10:00Z,15.329999923706055,15.329999923706055,15.329999923706055,15.329999923706055,15.329999923706055,1811.0,15.329999923706055,15.329999923706055,15.329999923706055,15.329999923706055
2025-11-18T19:16:00Z,15.28499984741211,15.28499984741211,15.28499984741211,15.28499984741211,15.28499984741211,100.0,15.28499984741211,15.28499984741211,15.28499984741211,15.28499984741211
2025-11-18T19:17:00Z,15.329999923706055,15.329999923706055,15.329999923706055,15.329999923706055,15.329999923706055,100.0,15.329999923706055,15.329999923706055,15.329999923706055,15.329999923706055
2025-11-18T19:19:00Z,15.329999923706055,15.329999923706055,15.329999923706055,15.329999923706055,15.329999923706055,2705.0,15.329999923706055,15.329999923706055,15.329999923706055,15.329999923706055
2025-11-18T19:27:00Z,15.270000457763672,15.270099639892578,15.199999809265137,15.199999809265137,15.199999809265137,2155.0,15.270000457763672,15.270099639892578,15.199999809265137,15.199999809265137
2025-11-18T20:32:00Z,15.231599807739258,15.231599807739258,15.231599807739258,15.231599807739258,15.231599807739258,470.0,15.231599807739258,15.231599807739258,15.231599807739258,15.231599807739258
2025-11-18T20:46:00Z,15.210800170898438,15.210800170898438,15.210800170898438,15.210800170898438,15.210800170898438,202.0,15.210800170898438,15.210800170898438,15.210800170898438,15.210800170898438
2025-11-19T15:16:00Z,15.229999542236328,15.229999542236328,15.229999542236328,15.229999542236328,15.229999542236328,490.0,15.229999542236328,15.229999542236328,15.229999542236328,15.229999542236328
2025-11-19T16:36:00Z,15.260000228881836,15.260000228881836,15.260000228881836,15.260000228881836,15.260000228881836,100.0,15.260000228881836,15.260000228881836,15.260000228881836,15.260000228881836
2025-11-19T16:41:00Z,15.260000228881836,15.260000228881836,15.260000228881836,15.260000228881836,15.260000228881836,300.0,15.260000228881836,15.260000228881836,15.260000228881836,15.260000228881836
2025-11-19T16:46:00Z,15.260000228881836,15.260000228881836,15.260000228881836,15.260000228881836,15.260000228881836,458.0,15.260000228881836,15.260000228881836,15.260000228881836,15.260000228881836
2025-11-19T17:14:00Z,15.260000228881836,15.260000228881836,15.260000228881836,15.260000228881836,15.260000228881836,108.0,15.260000228881836,15.260000228881836,15.260000228881836,15.260000228881836
2025-11-19T17:41:00Z,15.260000228881836,15.260000228881836,15.260000228881836,15.260000228881836,15.260000228881836,346.0,15.260000228881836,15.260000228881836,15.260000228881836,15.260000228881836
2025-11-19T17:50:00Z,15.229999542236328,15.229999542236328,15.229999542236328,15.229999542236328,15.229999542236328,100.0,15.229999542236328,15.229999542236328,15.229999542236328,15.229999542236328
2025-11-19T17:53:00Z,15.229999542236328,15.229999542236328,15.229999542236328,15.229999542236328,15.229999542236328,424.0,15.229999542236328,15.229999542236328,15.229999542236328,15.229999542236328
2025-11-19T18:16:00Z,15.239999771118164,15.239999771118164,15.239999771118164,15.239999771118164,15.239999771118164,342.0,15.239999771118164,15.239999771118164,15.239999771118164,15.239999771118164
2025-11-19T18:53:00Z,15.229999542236328,15.229999542236328,15.229999542236328,15.229999542236328,15.229999542236328,282.0,15.229999542236328,15.229999542236328,15.229999542236328,15.229999542236328
2025-11-19T19:18:00Z,15.230199813842773,15.230199813842773,15.230199813842773,15.230199813842773,15.230199813842773,550.0,15.230199813842773,15.230199813842773,15.230199813842773,15.230199813842773
2025-11-19T19:28:00Z,15.210000038146973,15.210000038146973,15.210000038146973,15.210000038146973,15.210000038146973,1001.0,15.210000038146973,15.210000038146973,15.210000038146973,15.210000038146973
2025-11-19T19:37:00Z,15.199999809265137,15.199999809265137,15.199999809265137,15.199999809265137,15.199999809265137,183.0,15.199999809265137,15.199999809265137,15.199999809265137,15.199999809265137
2025-11-19T19:46:00Z,15.220000267028809,15.220000267028809,15.220000267028809,15.220000267028809,15.220000267028809,178.0,15.220000267028809,15.220000267028809,15.220000267028809,15.220000267028809
2025-11-19T20:07:00Z,15.199999809265137,15.199999809265137,15.199999809265137,15.199999809265137,15.199999809265137,219.0,15.199999809265137,15.199999809265137,15.199999809265137,15.199999809265137
2025-11-19T20:26:00Z,15.210000038146973,15.210000038146973,15.210000038146973,15.210000038146973,15.210000038146973,173.0,15.210000038146973,15.210000038146973,15.210000038146973,15.210000038146973
2025-11-19T20:58:00Z,15.210000038146973,15.210000038146973,15.210000038146973,15.210000038146973,15.210000038146973,133.0,15.210000038146973,15.210000038146973,15.210000038146973,15.210000038146973
2025-11-19T20:59:00Z,15.210000038146973,15.210000038146973,15.199999809265137,15.199999809265137,15.199999809265137,741.0,15.210000038146973,15.210000038146973,15.199999809265137,15.199999809265137
2025-11-20T14:32:00Z,15.220000267028809,15.229999542236328,15.220000267028809,15.229999542236328,15.229999542236328,362.0,15.220000267028809,15.229999542236328,15.220000267028809,15.229999542236328
2025-11-20T15:06:00Z,15.260000228881836,15.260000228881836,15.239999771118164,15.239999771118164,15.239999771118164,1013.0,15.260000228881836,15.260000228881836,15.239999771118164,15.239999771118164
2025-11-20T16:03:00Z,15.229999542236328,15.229999542236328,15.229999542236328,15.229999542236328,15.229999542236328,225.0,15.229999542236328,15.229999542236328,15.229999542236328,15.229999542236328
2025-11-20T16:33:00Z,15.229999542236328,15.229999542236328,15.229999542236328,15.229999542236328,15.229999542236328,100.0,15.229999542236328,15.229999542236328,15.229999542236328,15.229999542236328
2025-11-20T16:36:00Z,15.239999771118164,15.25,15.239999771118164,15.249899864196777,15.249899864196777,1804.0,15.239999771118164,15.25,15.239999771118164,15.249899864196777
2025-11-20T16:51:00Z,15.270000457763672,15.270000457763672,15.270000457763672,15.270000457763672,15.270000457763672,525.0,15.270000457763672,15.270000457763672,15.270000457763672,15.270000457763672
2025-11-20T17:01:00Z,15.210000038146973,15.210100173950195,15.210000038146973,15.210100173950195,15.210100173950195,1640.0,15.210000038146973,15.210100173950195,15.210000038146973,15.210100173950195
2025-11-20T17:03:00Z,15.210000038146973,15.210000038146973,15.210000038146973,15.210000038146973,15.210000038146973,396.0,15.210000038146973,15.210000038146973,15.210000038146973,15.210000038146973
2025-11-20T17:11:00Z,15.234800338745117,15.234800338745117,15.234800338745117,15.234800338745117,15.234800338745117,1900.0,15.234800338745117,15.234800338745117,15.234800338745117,15.234800338745117
2025-11-20T17:14:00Z,15.204999923706055,15.229999542236328,15.204999923706055,15.229999542236328,15.229999542236328,374.0,15.204999923706055,15.229999542236328,15.204999923706055,15.229999542236328
2025-11-20T17:36:00Z,15.199999809265137,15.199999809265137,15.109999656677246,15.180100440979004,15.180100440979004,2113.0,15.199999809265137,15.199999809265137,15.109999656677246,15.180100440979004
2025-11-20T18:41:00Z,15.15999984741211,15.15999984741211,15.15999984741211,15.15999984741211,15.15999984741211,100.0,15.15999984741211,15.15999984741211,15.15999984741211,15.15999984741211
2025-11-20T18:42:00Z,15.149999618530273,15.149999618530273,15.149999618530273,15.149999618530273,15.149999618530273,206.0,15.149999618530273,15.149999618530273,15.149999618530273,15.149999618530273
2025-11-20T19:10:00Z,15.1899995803833,15.1899995803833,15.170900344848633,15.170900344848633,15.170900344848633,441.0,15.1899995803833,15.1899995803833,15.170900344848633,15.170900344848633
2025-11-20T19:57:00Z,15.26990032196045,15.270000457763672,15.260000228881836,15.270000457763672,15.270000457763672,1683.0,15.26990032196045,15.270000457763672,15.260000228881836,15.270000457763672
2025-11-20T19:59:00Z,15.270000457763672,15.270000457763672,15.270000457763672,15.270000457763672,15.270000457763672,900.0,15.270000457763672,15.270000457763672,15.270000457763672,15.270000457763672
2025-11-20T20:01:00Z,15.270000457763672,15.270000457763672,15.270000457763672,15.270000457763672,15.270000457763672,490.0,15.270000457763672,15.270000457763672,15.270000457763672,15.270000457763672
2025-11-20T20:07:00Z,15.3100004196167,15.329899787902832,15.3100004196167,15.319999694824219,15.319999694824219,5705.0,15.3100004196167,15.329899787902832,15.3100004196167,15.319999694824219
2025-11-20T20:08:00Z,15.25,15.25,15.210100173950195,15.210100173950195,15.210100173950195,5000.0,15.25,15.25,15.210100173950195,15.210100173950195
2025-11-20T20:09:00Z,15.220000267028809,15.220000267028809,15.210000038146973,15.210000038146973,15.210000038146973,3999.0,15.220000267028809,15.220000267028809,15.210000038146973,15.210000038146973
2025-11-20T20:38:00Z,15.220000267028809,15.220000267028809,15.220000267028809,15.220000267028809,15.220000267028809,246.0,15.220000267028809,15.220000267028809,15.220000267028809,15.220000267028809
2025-11-20T20:53:00Z,15.140000343322754,15.140000343322754,15.100000381469727,15.100000381469727,15.100000381469727,2485.0,15.140000343322754,15.140000343322754,15.100000381469727,15.100000381469727
2025-11-20T20:58:00Z,15.050000190734863,15.050000190734863,15.020000457763672,15.020000457763672,15.020000457763672,705.0,15.050000190734863,15.050000190734863,15.020000457763672,15.020000457763672
2025-11-21T14:30:00Z,15.069999694824219,15.069999694824219,15.069999694824219,15.069999694824219,15.069999694824219,388.0,15.069999694824219,15.069999694824219,15.069999694824219,15.069999694824219
2025-11-21T14:56:00Z,15.277700424194336,15.277700424194336,15.069999694824219,15.069999694824219,15.069999694824219,821.0,15.277700424194336,15.277700424194336,15.069999694824219,15.069999694824219
2025-11-21T15:01:00Z,15.175000190734863,15.175000190734863,15.175000190734863,15.175000190734863,15.175000190734863,1420.0,15.175000190734863,15.175000190734863,15.175000190734863,15.175000190734863
2025-11-21T15:20:00Z,15.175000190734863,15.175000190734863,15.175000190734863,15.175000190734863,15.175000190734863,386.0,15.175000190734863,15.175000190734863,15.175000190734863,15.175000190734863
2025-11-21T15:52:00Z,15.069999694824219,15.180000305175781,15.069999694824219,15.180000305175781,15.180000305175781,4019.0,15.069999694824219,15.180000305175781,15.069999694824219,15.180000305175781
2025-11-21T15:53:00Z,15.180000305175781,15.180000305175781,15.180000305175781,15.180000305175781,15.180000305175781,299.0,15.180000305175781,15.180000305175781,15.180000305175781,15.180000305175781
2025-11-21T16:22:00Z,15.163000106811523,15.163000106811523,15.163000106811523,15.163000106811523,15.163000106811523,1300.0,15.163000106811523,15.163000106811523,15.163000106811523,15.163000106811523
2025-11-21T16:32:00Z,15.135199546813965,15.135199546813965,15.135199546813965,15.135199546813965,15.135199546813965,173.0,15.135199546813965,15.135199546813965,15.135199546813965,15.135199546813965
2025-11-21T16:46:00Z,15.140000343322754,15.140000343322754,15.140000343322754,15.140000343322754,15.140000343322754,1808.0,15.140000343322754,15.140000343322754,15.140000343322754,15.140000343322754
2025-11-21T16:49:00Z,15.15060043334961,15.15060043334961,15.15060043334961,15.15060043334961,15.15060043334961,1893.0,15.15060043334961,15.15060043334961,15.15060043334961,15.15060043334961
2025-11-21T17:15:00Z,15.180000305175781,15.180000305175781,15.180000305175781,15.180000305175781,15.180000305175781,108.0,15.180000305175781,15.180000305175781,15.180000305175781,15.180000305175781
2025-11-21T17:26:00Z,15.140000343322754,15.178299903869629,15.140000343322754,15.178299903869629,15.178299903869629,661.0,15.140000343322754,15.178299903869629,15.140000343322754,15.178299903869629
2025-11-21T17:55:00Z,15.180000305175781,15.25,15.166000366210938,15.229999542236328,15.229999542236328,3445.0,15.180000305175781,15.25,15.166000366210938,15.229999542236328
2025-11-21T18:01:00Z,15.26990032196045,15.26990032196045,15.26990032196045,15.26990032196045,15.26990032196045,797.0,15.26990032196045,15.26990032196045,15.26990032196045,15.26990032196045
2025-11-21T18:53:00Z,15.244999885559082,15.244999885559082,15.244999885559082,15.244999885559082,15.244999885559082,256.0,15.244999885559082,15.244999885559082,15.244999885559082,15.244999885559082
2025-11-21T18:57:00Z,15.260000228881836,15.260000228881836,15.260000228881836,15.260000228881836,15.260000228881836,118.0,15.260000228881836,15.260000228881836,15.260000228881836,15.260000228881836
2025-11-21T19:07:00Z,15.279999732971191,15.279999732971191,15.279999732971191,15.279999732971191,15.279999732971191,100.0,15.279999732971191,15.279999732971191,15.279999732971191,15.279999732971191
2025-11-21T19:16:00Z,15.270099639892578,15.270099639892578,15.270099639892578,15.270099639892578,15.270099639892578,105.0,15.270099639892578,15.270099639892578,15.270099639892578,15.270099639892578
2025-11-21T19:27:00Z,15.270099639892578,15.270099639892578,15.270000457763672,15.270000457763672,15.270000457763672,328.0,15.270099639892578,15.270099639892578,15.270000457763672,15.270000457763672
2025-11-21T19:32:00Z,15.270000457763672,15.270000457763672,15.270000457763672,15.270000457763672,15.270000457763672,200.0,15.270000457763672,15.270000457763672,15.270000457763672,15.270000457763672
2025-11-21T19:43:00Z,15.1850004196167,15.1850004196167,15.1850004196167,15.1850004196167,15.1850004196167,945.0,15.1850004196167,15.1850004196167,15.1850004196167,15.1850004196167
2025-11-24T15:30:00Z,15.15999984741211,15.15999984741211,15.15999984741211,15.15999984741211,15.15999984741211,2128.0,15.15999984741211,15.15999984741211,15.15999984741211,15.15999984741211
2025-11-24T15:31:00Z,15.170000076293945,15.170000076293945,15.170000076293945,15.170000076293945,15.170000076293945,100.0,15.170000076293945,15.170000076293945,15.170000076293945,15.170000076293945
2025-11-24T15:33:00Z,15.196000099182129,15.199999809265137,15.196000099182129,15.199999809265137,15.199999809265137,610.0,15.196000099182129,15.199999809265137,15.196000099182129,15.199999809265137
2025-11-24T16:02:00Z,15.234999656677246,15.234999656677246,15.234999656677246,15.234999656677246,15.234999656677246,173.0,15.234999656677246,15.234999656677246,15.234999656677246,15.234999656677246
2025-11-24T16:14:00Z,15.21399974822998,15.21399974822998,15.21399974822998,15.21399974822998,15.21399974822998,126.0,15.21399974822998,15.21399974822998,15.21399974822998,15.21399974822998
2025-11-24T16:25:00Z,15.234999656677246,15.234999656677246,15.234999656677246,15.234999656677246,15.234999656677246,298.0,15.234999656677246,15.234999656677246,15.234999656677246,15.234999656677246
2025-11-24T16:28:00Z,15.234999656677246,15.234999656677246,15.234999656677246,15.234999656677246,15.234999656677246,219.0,15.234999656677246,15.234999656677246,15.234999656677246,15.234999656677246
2025-11-24T16:51:00Z,15.229999542236328,15.229999542236328,15.229999542236328,15.229999542236328,15.229999542236328,157.0,15.229999542236328,15.229999542236328,15.229999542236328,15.229999542236328
2025-11-24T16:59:00Z,15.234999656677246,15.234999656677246,15.234999656677246,15.234999656677246,15.234999656677246,306.0,15.234999656677246,15.234999656677246,15.234999656677246,15.234999656677246
2025-11-24T17:22:00Z,15.199999809265137,15.199999809265137,15.199999809265137,15.199999809265137,15.199999809265137,615.0,15.199999809265137,15.199999809265137,15.199999809265137,15.199999809265137
2025-11-24T17:35:00Z,15.210000038146973,15.210000038146973,15.210000038146973,15.210000038146973,15.210000038146973,462.0,15.210000038146973,15.210000038146973,15.210000038146973,15.210000038146973
2025-11-24T18:22:00Z,15.220000267028809,15.220000267028809,15.210000038146973,15.220000267028809,15.220000267028809,1169.0,15.220000267028809,15.220000267028809,15.210000038146973,15.220000267028809
2025-11-24T18:23:00Z,15.220000267028809,15.220000267028809,15.220000267028809,15.220000267028809,15.220000267028809,1268.0,15.220000267028809,15.220000267028809,15.220000267028809,15.220000267028809
2025-11-24T18:30:00Z,15.220000267028809,15.220000267028809,15.220000267028809,15.220000267028809,15.220000267028809,700.0,15.220000267028809,15.220000267028809,15.220000267028809,15.220000267028809
2025-11-24T18:33:00Z,15.220000267028809,15.220000267028809,15.220000267028809,15.220000267028809,15.220000267028809,302.0,15.220000267028809,15.220000267028809,15.220000267028809,15.220000267028809
2025-11-24T18:50:00Z,15.199999809265137,15.199999809265137,15.199999809265137,15.199999809265137,15.199999809265137,583.0,15.199999809265137,15.199999809265137,15.199999809265137,15.199999809265137
2025-11-24T18:53:00Z,15.199999809265137,15.199999809265137,15.199999809265137,15.199999809265137,15.199999809265137,700.0,15.199999809265137,15.199999809265137,15.199999809265137,15.199999809265137
2025-11-24T19:02:00Z,15.210000038146973,15.210000038146973,15.210000038146973,15.210000038146973,15.210000038146973,359.0,15.210000038146973,15.210000038146973,15.210000038146973,15.210000038146973
2025-11-24T19:42:00Z,15.225199699401855,15.225199699401855,15.225199699401855,15.225199699401855,15.225199699401855,474.0,15.225199699401855,15.225199699401855,15.225199699401855,15.225199699401855
2025-11-24T19:54:00Z,15.199999809265137,15.199999809265137,15.199999809265137,15.199999809265137,15.199999809265137,336.0,15.199999809265137,15.199999809265137,15.199999809265137,15.199999809265137
2025-11-24T19:55:00Z,15.199999809265137,15.199999809265137,15.199999809265137,15.199999809265137,15.199999809265137,199.0,15.199999809265137,15.199999809265137,15.199999809265137,15.199999809265137
2025-11-24T19:59:00Z,15.199999809265137,15.199999809265137,15.199999809265137,15.199999809265137,15.199999809265137,100.0,15.199999809265137,15.199999809265137,15.199999809265137,15.199999809265137
2025-11-24T20:02:00Z,15.199999809265137,15.199999809265137,15.199999809265137,15.199999809265137,15.199999809265137,732.0,15.199999809265137,15.199999809265137,15.199999809265137,15.199999809265137
2025-11-24T20:14:00Z,15.199999809265137,15.199999809265137,15.199999809265137,15.199999809265137,15.199999809265137,171.0,15.199999809265137,15.199999809265137,15.199999809265137,15.199999809265137
2025-11-24T20:18:00Z,15.211600303649902,15.211600303649902,15.211600303649902,15.211600303649902,15.211600303649902,1204.0,15.211600303649902,15.211600303649902,15.211600303649902,15.211600303649902
2025-11-24T20:33:00Z,15.215900421142578,15.215900421142578,15.215900421142578,15.215900421142578,15.215900421142578,349.0,15.215900421142578,15.215900421142578,15.215900421142578,15.215900421142578
2025-11-24T20:39:00Z,15.25,15.279999732971191,15.25,15.279899597167969,15.279899597167969,2013.0,15.25,15.279999732971191,15.25,15.279899597167969
2025-11-25T16:51:00Z,15.369999885559082,15.369999885559082,15.33240032196045,15.33240032196045,15.33240032196045,324.0,15.369999885559082,15.369999885559082,15.33240032196045,15.33240032196045
2025-11-25T17:11:00Z,15.307000160217285,15.307000160217285,15.307000160217285,15.307000160217285,15.307000160217285,606.0,15.307000160217285,15.307000160217285,15.307000160217285,15.307000160217285
2025-11-25T18:44:00Z,15.380000114440918,15.380000114440918,15.380000114440918,15.380000114440918,15.380000114440918,727.0,15.380000114440918,15.380000114440918,15.380000114440918,15.380000114440918
2025-11-25T19:29:00Z,15.350000381469727,15.350000381469727,15.350000381469727,15.350000381469727,15.350000381469727,222.0,15.350000381469727,15.350000381469727,15.350000381469727,15.350000381469727
2025-11-26T15:58:00Z,15.319999694824219,15.319999694824219,15.319999694824219,15.319999694824219,15.319999694824219,524.0,15.319999694824219,15.319999694824219,15.319999694824219,15.319999694824219
2025-11-26T16:14:00Z,15.34000015258789,15.430000305175781,15.329999923706055,15.430000305175781,15.430000305175781,958.0,15.34000015258789,15.430000305175781,15.329999923706055,15.430000305175781
2025-11-26T18:34:00Z,15.480400085449219,15.480400085449219,15.480400085449219,15.480400085449219,15.480400085449219,132.0,15.480400085449219,15.480400085449219,15.480400085449219,15.480400085449219
2025-11-26T19:01:00Z,15.475000381469727,15.475000381469727,15.475000381469727,15.475000381469727,15.475000381469727,101.0,15.475000381469727,15.475000381469727,15.475000381469727,15.475000381469727
2025-11-26T19:25:00Z,15.475000381469727,15.475000381469727,15.475000381469727,15.475000381469727,15.475000381469727,588.0,15.475000381469727,15.475000381469727,15.475000381469727,15.475000381469727
2025-11-28T16:47:00Z,15.430000305175781,15.449999809265137,15.430000305175781,15.449999809265137,15.449999809265137,921.0,15.430000305175781,15.449999809265137,15.430000305175781,15.449999809265137
2025-11-28T17:59:00Z,15.25,15.25,15.25,15.25,15.25,582.0,15.25,15.25,15.25,15.25
2025-12-01T16:01:00Z,15.199999809265137,15.199999809265137,15.199999809265137,15.199999809265137,15.199999809265137,2081.0,15.199999809265137,15.199999809265137,15.199999809265137,15.199999809265137
2025-12-01T16:27:00Z,15.109999656677246,15.109999656677246,15.109999656677246,15.109999656677246,15.109999656677246,2030.0,15.109999656677246,15.109999656677246,15.109999656677246,15.109999656677246
2025-12-01T18:15:00Z,15.130000114440918,15.130000114440918,15.130000114440918,15.130000114440918,15.130000114440918,2604.0,15.130000114440918,15.130000114440918,15.130000114440918,15.130000114440918
2025-12-01T19:31:00Z,15.150500297546387,15.150500297546387,15.149999618530273,15.149999618530273,15.149999618530273,374.0,15.150500297546387,15.150500297546387,15.149999618530273,15.149999618530273
2025-12-02T14:43:00Z,15.3149995803833,15.3149995803833,15.3149995803833,15.3149995803833,15.3149995803833,174.0,15.3149995803833,15.3149995803833,15.3149995803833,15.3149995803833
